{"px|GLD|stock|369.0|above": 365.4700012207031, "px|MU|stock|800.0|below": 845.1599731445312, "px|AMD|stock|660.0|below": 492.79998779296875, "px|BTCUSDT|crypto|64300.0|below": 64028.98, "px|ETHUSDT|crypto|18760.0|above": 1867.49, "px|BTCUSDT|crypto|64400.0|above": 64028.98}