{"px|MU|stock|800.0|below": 928.344970703125, "px|AMD|stock|660.0|below": 532.1799926757812, "px|BTCUSDT|crypto|64300.0|below": 64182.41, "px|ETHUSDT|crypto|18760.0|above": 1821.03, "px|BTCUSDT|crypto|64400.0|above": 64182.41, "px|BTCUSDT|crypto|64150.0|below": 63182.01, "px|MELI|stock|1836.0|below": 1795.3900146484375, "px|PLTR|stock|142.0|above": 123.5, "px|ETHUSDT|crypto|1798.0|below": 1874.64, "px|BTCUSDT|crypto|62830.0|below": 64561.99, "px|AVGO|stock|370.0|below": 383.489990234375, "px|ETHUSDT|crypto|1600.0|below": 1862.93, "px|BTCUSDT|crypto|67000.0|above": 64166.0, "px|BTCUSDT|crypto|64200.0|below": 65612.42, "px|BTCUSDT|crypto|62.852|below": 64166.0, "px|GLD|stock|369.0|above": 371.44500732421875, "px|SPY|stock|760.0|above": 740.9998779296875, "px|GLD|stock|360.0|below": 373.0199890136719, "px|MELI|stock|1792.0|below": 1813.9000244140625, "px|TSLA|stock|307.0|below": 308.1000061035156, "px|GOOGL|stock|306.0|below": 319.61199951171875}