{"px|GLD|stock|369.0|above": 366.6400146484375, "px|MU|stock|800.0|below": 863.1500244140625, "px|AMD|stock|660.0|below": 491.0450134277344, "px|BTCUSDT|crypto|64300.0|below": 64182.41, "px|ETHUSDT|crypto|18760.0|above": 1821.03, "px|BTCUSDT|crypto|64400.0|above": 64182.41, "px|BTCUSDT|crypto|64200.0|below": 63182.01, "px|BTCUSDT|crypto|64150.0|below": 63182.01, "px|MELI|stock|1836.0|below": 1795.3900146484375, "px|PLTR|stock|142.0|above": 132.1300048828125, "px|MELI|stock|1792.0|below": 1795.3900146484375}