{"px|MU|stock|800.0|below": 928.510009765625, "px|AMD|stock|660.0|below": 525.6199951171875, "px|BTCUSDT|crypto|64300.0|below": 64182.41, "px|ETHUSDT|crypto|18760.0|above": 1821.03, "px|BTCUSDT|crypto|64400.0|above": 64182.41, "px|BTCUSDT|crypto|64150.0|below": 63182.01, "px|MELI|stock|1836.0|below": 1795.3900146484375, "px|PLTR|stock|142.0|above": 122.86000061035156, "px|ETHUSDT|crypto|1798.0|below": 1874.64, "px|BTCUSDT|crypto|62830.0|below": 64561.99, "px|AVGO|stock|370.0|below": 382.82000732421875, "px|ETHUSDT|crypto|1600.0|below": 1855.98, "px|BTCUSDT|crypto|67000.0|above": 63794.43, "px|BTCUSDT|crypto|64200.0|below": 65612.42, "px|BTCUSDT|crypto|62.852|below": 63794.43, "px|GLD|stock|369.0|above": 371.44500732421875, "px|SPY|stock|760.0|above": 738.614990234375, "px|GLD|stock|360.0|below": 372.9750061035156, "px|MELI|stock|1792.0|below": 1823.52001953125, "px|TSLA|stock|307.0|below": 312.1199951171875, "px|GOOGL|stock|306.0|below": 319.2099914550781}