{"px|GLD|stock|369.0|above": 367.7799987792969, "px|MU|stock|800.0|below": 870.5999755859375, "px|AMD|stock|660.0|below": 511.19000244140625, "px|BTCUSDT|crypto|64300.0|below": 64182.41, "px|ETHUSDT|crypto|18760.0|above": 1821.03, "px|BTCUSDT|crypto|64400.0|above": 64182.41, "px|BTCUSDT|crypto|64150.0|below": 63182.01, "px|MELI|stock|1836.0|below": 1795.3900146484375, "px|PLTR|stock|142.0|above": 133.08999633789062, "px|MELI|stock|1792.0|below": 1835.3499755859375, "px|ETHUSDT|crypto|1798.0|below": 1874.64, "px|BTCUSDT|crypto|62830.0|below": 64561.99, "px|AVGO|stock|370.0|below": 378.739990234375, "px|ETHUSDT|crypto|1600.0|below": 1865.24, "px|BTCUSDT|crypto|67000.0|above": 64348.01, "px|BTCUSDT|crypto|64200.0|below": 64348.01}