{"px|GLD|stock|369.0|above": 367.70001220703125, "px|MU|stock|800.0|below": 859.6500244140625, "px|AMD|stock|660.0|below": 494.4901123046875, "px|BTCUSDT|crypto|64300.0|below": 64182.41, "px|ETHUSDT|crypto|18760.0|above": 1821.03, "px|BTCUSDT|crypto|64400.0|above": 64182.41, "px|BTCUSDT|crypto|64200.0|below": 64165.15, "px|BTCUSDT|crypto|64150.0|below": 63182.01, "px|MELI|stock|1836.0|below": 1795.3900146484375, "px|PLTR|stock|142.0|above": 131.91000366210938, "px|MELI|stock|1792.0|below": 1814.324951171875, "px|ETHUSDT|crypto|1798.0|below": 1844.46, "px|BTCUSDT|crypto|62830.0|below": 64165.15, "px|AVGO|stock|370.0|below": 372.1499938964844}