{"px|MU|stock|800.0|below": 990.2100219726562, "px|AMD|stock|660.0|below": 539.6900024414062, "px|BTCUSDT|crypto|64300.0|below": 64182.41, "px|ETHUSDT|crypto|18760.0|above": 1821.03, "px|BTCUSDT|crypto|64400.0|above": 64182.41, "px|BTCUSDT|crypto|64150.0|below": 63182.01, "px|MELI|stock|1836.0|below": 1795.3900146484375, "px|PLTR|stock|142.0|above": 123.37000274658203, "px|ETHUSDT|crypto|1798.0|below": 1874.64, "px|BTCUSDT|crypto|62830.0|below": 64561.99, "px|AVGO|stock|370.0|below": 392.4700012207031, "px|ETHUSDT|crypto|1600.0|below": 1882.07, "px|BTCUSDT|crypto|67000.0|above": 65111.45, "px|BTCUSDT|crypto|64200.0|below": 65612.42, "px|BTCUSDT|crypto|62.852|below": 65111.45, "px|GLD|stock|369.0|above": 371.44500732421875, "px|SPY|stock|760.0|above": 738.1799926757812, "px|GLD|stock|360.0|below": 371.5199890136719, "px|MELI|stock|1792.0|below": 1798.699951171875, "px|TSLA|stock|307.0|below": 319.69000244140625}