{"px|MU|stock|800.0|below": 971.1849975585938, "px|AMD|stock|660.0|below": 556.3900146484375, "px|BTCUSDT|crypto|64300.0|below": 64182.41, "px|ETHUSDT|crypto|18760.0|above": 1821.03, "px|BTCUSDT|crypto|64400.0|above": 64182.41, "px|BTCUSDT|crypto|64150.0|below": 63182.01, "px|MELI|stock|1836.0|below": 1795.3900146484375, "px|PLTR|stock|142.0|above": 124.2699966430664, "px|MELI|stock|1792.0|below": 1803.0, "px|ETHUSDT|crypto|1798.0|below": 1874.64, "px|BTCUSDT|crypto|62830.0|below": 64561.99, "px|AVGO|stock|370.0|below": 398.17999267578125, "px|ETHUSDT|crypto|1600.0|below": 1927.36, "px|BTCUSDT|crypto|67000.0|above": 65903.99, "px|BTCUSDT|crypto|64200.0|below": 65612.42, "px|BTCUSDT|crypto|62.852|below": 65903.99, "px|GLD|stock|369.0|above": 379.25}