{"px|MU|stock|800.0|below": 971.9149780273438, "px|AMD|stock|660.0|below": 555.0750122070312, "px|BTCUSDT|crypto|64300.0|below": 64182.41, "px|ETHUSDT|crypto|18760.0|above": 1821.03, "px|BTCUSDT|crypto|64400.0|above": 64182.41, "px|BTCUSDT|crypto|64150.0|below": 63182.01, "px|MELI|stock|1836.0|below": 1795.3900146484375, "px|PLTR|stock|142.0|above": 125.86499786376953, "px|MELI|stock|1792.0|below": 1809.925048828125, "px|ETHUSDT|crypto|1798.0|below": 1874.64, "px|BTCUSDT|crypto|62830.0|below": 64561.99, "px|AVGO|stock|370.0|below": 395.0350036621094, "px|ETHUSDT|crypto|1600.0|below": 1949.0, "px|BTCUSDT|crypto|67000.0|above": 66228.55, "px|BTCUSDT|crypto|64200.0|below": 65612.42, "px|BTCUSDT|crypto|62.852|below": 66228.55, "px|GLD|stock|369.0|above": 380.5299987792969}