{"px|GLD|stock|369.0|above": 367.5400085449219, "px|MU|stock|800.0|below": 880.0432739257812, "px|AMD|stock|660.0|below": 515.5900268554688, "px|BTCUSDT|crypto|64300.0|below": 64182.41, "px|ETHUSDT|crypto|18760.0|above": 1821.03, "px|BTCUSDT|crypto|64400.0|above": 64182.41, "px|BTCUSDT|crypto|64150.0|below": 63182.01, "px|MELI|stock|1836.0|below": 1795.3900146484375, "px|PLTR|stock|142.0|above": 135.86500549316406, "px|MELI|stock|1792.0|below": 1838.6600341796875, "px|ETHUSDT|crypto|1798.0|below": 1874.64, "px|BTCUSDT|crypto|62830.0|below": 64561.99, "px|AVGO|stock|370.0|below": 381.1600036621094, "px|ETHUSDT|crypto|1600.0|below": 1909.72, "px|BTCUSDT|crypto|67000.0|above": 65612.42, "px|BTCUSDT|crypto|64200.0|below": 65612.42}