{"px|MU|stock|800.0|below": 920.9500122070312, "px|AMD|stock|660.0|below": 521.9500122070312, "px|BTCUSDT|crypto|64300.0|below": 64182.41, "px|ETHUSDT|crypto|18760.0|above": 1821.03, "px|BTCUSDT|crypto|64400.0|above": 64182.41, "px|BTCUSDT|crypto|64150.0|below": 63182.01, "px|MELI|stock|1836.0|below": 1795.3900146484375, "px|PLTR|stock|142.0|above": 122.91999816894531, "px|ETHUSDT|crypto|1798.0|below": 1874.64, "px|BTCUSDT|crypto|62830.0|below": 64561.99, "px|AVGO|stock|370.0|below": 381.9200134277344, "px|ETHUSDT|crypto|1600.0|below": 1861.07, "px|BTCUSDT|crypto|67000.0|above": 64151.18, "px|BTCUSDT|crypto|64200.0|below": 65612.42, "px|BTCUSDT|crypto|62.852|below": 64151.18, "px|GLD|stock|369.0|above": 371.44500732421875, "px|SPY|stock|760.0|above": 738.9299926757812, "px|GLD|stock|360.0|below": 371.8999938964844, "px|MELI|stock|1792.0|below": 1801.43994140625, "px|TSLA|stock|307.0|below": 313.0299987792969, "px|GOOGL|stock|306.0|below": 319.739990234375}