{"px|MU|stock|800.0|below": 984.8200073242188, "px|AMD|stock|660.0|below": 538.8699951171875, "px|BTCUSDT|crypto|64300.0|below": 64182.41, "px|ETHUSDT|crypto|18760.0|above": 1821.03, "px|BTCUSDT|crypto|64400.0|above": 64182.41, "px|BTCUSDT|crypto|64150.0|below": 63182.01, "px|MELI|stock|1836.0|below": 1795.3900146484375, "px|PLTR|stock|142.0|above": 121.12999725341797, "px|ETHUSDT|crypto|1798.0|below": 1874.64, "px|BTCUSDT|crypto|62830.0|below": 64561.99, "px|AVGO|stock|370.0|below": 388.4700012207031, "px|ETHUSDT|crypto|1600.0|below": 1892.03, "px|BTCUSDT|crypto|67000.0|above": 64866.0, "px|BTCUSDT|crypto|64200.0|below": 65612.42, "px|BTCUSDT|crypto|62.852|below": 64866.0, "px|GLD|stock|369.0|above": 371.3450012207031, "px|SPY|stock|760.0|above": 736.6099853515625}