{"px|GLD|stock|369.0|above": 368.489990234375, "px|MU|stock|800.0|below": 883.3400268554688, "px|AMD|stock|660.0|below": 498.7099914550781, "px|BTCUSDT|crypto|64300.0|below": 64182.41, "px|ETHUSDT|crypto|18760.0|above": 1821.03, "px|BTCUSDT|crypto|64400.0|above": 64182.41, "px|BTCUSDT|crypto|64200.0|below": 63408.0, "px|BTCUSDT|crypto|64150.0|below": 63182.01, "px|MELI|stock|1836.0|below": 1795.3900146484375, "px|PLTR|stock|142.0|above": 131.5500030517578, "px|MELI|stock|1792.0|below": 1816.1800537109375, "px|ETHUSDT|crypto|1798.0|below": 1829.18, "px|BTCUSDT|crypto|62830.0|below": 63408.0}