{"px|GLD|stock|369.0|above": 368.20001220703125, "px|MU|stock|800.0|below": 894.22998046875, "px|AMD|stock|660.0|below": 501.1317138671875, "px|BTCUSDT|crypto|64300.0|below": 64182.41, "px|ETHUSDT|crypto|18760.0|above": 1821.03, "px|BTCUSDT|crypto|64400.0|above": 64182.41, "px|BTCUSDT|crypto|64200.0|below": 63950.21, "px|BTCUSDT|crypto|64150.0|below": 63182.01, "px|MELI|stock|1836.0|below": 1795.3900146484375, "px|PLTR|stock|142.0|above": 133.9720001220703, "px|MELI|stock|1792.0|below": 1820.6400146484375, "px|ETHUSDT|crypto|1798.0|below": 1843.63, "px|BTCUSDT|crypto|62830.0|below": 63950.21}