{"px|MU|stock|800.0|below": 945.4650268554688, "px|AMD|stock|660.0|below": 536.489990234375, "px|BTCUSDT|crypto|64300.0|below": 64182.41, "px|ETHUSDT|crypto|18760.0|above": 1821.03, "px|BTCUSDT|crypto|64400.0|above": 64182.41, "px|BTCUSDT|crypto|64150.0|below": 63182.01, "px|MELI|stock|1836.0|below": 1795.3900146484375, "px|PLTR|stock|142.0|above": 123.46499633789062, "px|ETHUSDT|crypto|1798.0|below": 1874.64, "px|BTCUSDT|crypto|62830.0|below": 64561.99, "px|AVGO|stock|370.0|below": 385.8900146484375, "px|ETHUSDT|crypto|1600.0|below": 1861.09, "px|BTCUSDT|crypto|67000.0|above": 64080.0, "px|BTCUSDT|crypto|64200.0|below": 65612.42, "px|BTCUSDT|crypto|62.852|below": 64080.0, "px|GLD|stock|369.0|above": 371.44500732421875, "px|SPY|stock|760.0|above": 742.9299926757812, "px|GLD|stock|360.0|below": 373.9599914550781, "px|MELI|stock|1792.0|below": 1823.18994140625, "px|TSLA|stock|307.0|below": 310.625, "px|GOOGL|stock|306.0|below": 319.9800109863281}