{"px|GLD|stock|369.0|above": 368.4100036621094, "px|MU|stock|800.0|below": 848.9500122070312, "px|AMD|stock|660.0|below": 495.760009765625, "px|BTCUSDT|crypto|64300.0|below": 64182.41, "px|ETHUSDT|crypto|18760.0|above": 1821.03, "px|BTCUSDT|crypto|64400.0|above": 64182.41, "px|BTCUSDT|crypto|64200.0|below": 64004.0, "px|BTCUSDT|crypto|64150.0|below": 63182.01, "px|MELI|stock|1836.0|below": 1795.3900146484375, "px|PLTR|stock|142.0|above": 132.3800048828125, "px|MELI|stock|1792.0|below": 1813.9100341796875, "px|ETHUSDT|crypto|1798.0|below": 1844.54, "px|BTCUSDT|crypto|62830.0|below": 64004.0, "px|AVGO|stock|370.0|below": 370.8299865722656}