{"px|GLD|stock|369.0|above": 368.1400146484375, "px|MU|stock|800.0|below": 897.5999755859375, "px|AMD|stock|660.0|below": 516.7349853515625, "px|BTCUSDT|crypto|64300.0|below": 64182.41, "px|ETHUSDT|crypto|18760.0|above": 1821.03, "px|BTCUSDT|crypto|64400.0|above": 64182.41, "px|BTCUSDT|crypto|64150.0|below": 63182.01, "px|MELI|stock|1836.0|below": 1795.3900146484375, "px|PLTR|stock|142.0|above": 135.69000244140625, "px|MELI|stock|1792.0|below": 1855.8399658203125, "px|ETHUSDT|crypto|1798.0|below": 1874.64, "px|BTCUSDT|crypto|62830.0|below": 64561.99, "px|AVGO|stock|370.0|below": 382.7099914550781, "px|ETHUSDT|crypto|1600.0|below": 1899.93, "px|BTCUSDT|crypto|67000.0|above": 65460.72, "px|BTCUSDT|crypto|64200.0|below": 65460.72}