{"px|GLD|stock|369.0|above": 364.9599914550781, "px|MU|stock|800.0|below": 853.2000122070312, "px|AMD|stock|660.0|below": 500.94000244140625, "px|BTCUSDT|crypto|64300.0|below": 64182.41, "px|ETHUSDT|crypto|18760.0|above": 1868.96, "px|BTCUSDT|crypto|64400.0|above": 64182.41, "px|BTCUSDT|crypto|64200.0|below": 64006.01, "px|BTCUSDT|crypto|64150.0|below": 64006.01, "px|MELI|stock|1836.0|below": 1857.4200439453125, "px|PLTR|stock|142.0|above": 134.44000244140625}