{"px|MU|stock|800.0|below": 988.8800048828125, "px|AMD|stock|660.0|below": 534.8900146484375, "px|BTCUSDT|crypto|64300.0|below": 64182.41, "px|ETHUSDT|crypto|18760.0|above": 1821.03, "px|BTCUSDT|crypto|64400.0|above": 64182.41, "px|BTCUSDT|crypto|64150.0|below": 63182.01, "px|MELI|stock|1836.0|below": 1795.3900146484375, "px|PLTR|stock|142.0|above": 122.25, "px|ETHUSDT|crypto|1798.0|below": 1874.64, "px|BTCUSDT|crypto|62830.0|below": 64561.99, "px|AVGO|stock|370.0|below": 389.2550048828125, "px|ETHUSDT|crypto|1600.0|below": 1879.79, "px|BTCUSDT|crypto|67000.0|above": 64766.6, "px|BTCUSDT|crypto|64200.0|below": 65612.42, "px|BTCUSDT|crypto|62.852|below": 64766.6, "px|GLD|stock|369.0|above": 371.44500732421875, "px|SPY|stock|760.0|above": 737.010009765625, "px|GLD|stock|360.0|below": 370.8699951171875}