{"px|MU|stock|800.0|below": 912.1998901367188, "px|AMD|stock|660.0|below": 523.6300048828125, "px|BTCUSDT|crypto|64300.0|below": 64182.41, "px|ETHUSDT|crypto|18760.0|above": 1821.03, "px|BTCUSDT|crypto|64400.0|above": 64182.41, "px|BTCUSDT|crypto|64150.0|below": 63182.01, "px|MELI|stock|1836.0|below": 1795.3900146484375, "px|PLTR|stock|142.0|above": 124.30000305175781, "px|ETHUSDT|crypto|1798.0|below": 1874.64, "px|BTCUSDT|crypto|62830.0|below": 64561.99, "px|AVGO|stock|370.0|below": 380.885009765625, "px|ETHUSDT|crypto|1600.0|below": 1860.39, "px|BTCUSDT|crypto|67000.0|above": 64212.86, "px|BTCUSDT|crypto|64200.0|below": 65612.42, "px|BTCUSDT|crypto|62.852|below": 64212.86, "px|GLD|stock|369.0|above": 371.44500732421875, "px|SPY|stock|760.0|above": 738.3099975585938, "px|GLD|stock|360.0|below": 372.0050048828125, "px|MELI|stock|1792.0|below": 1816.0250244140625, "px|TSLA|stock|307.0|below": 309.0199890136719, "px|GOOGL|stock|306.0|below": 319.8399963378906}