{"px|MU|stock|800.0|below": 991.8350219726562, "px|AMD|stock|660.0|below": 529.3900146484375, "px|BTCUSDT|crypto|64300.0|below": 64182.41, "px|ETHUSDT|crypto|18760.0|above": 1821.03, "px|BTCUSDT|crypto|64400.0|above": 64182.41, "px|BTCUSDT|crypto|64150.0|below": 63182.01, "px|MELI|stock|1836.0|below": 1795.3900146484375, "px|PLTR|stock|142.0|above": 121.69499969482422, "px|ETHUSDT|crypto|1798.0|below": 1874.64, "px|BTCUSDT|crypto|62830.0|below": 64561.99, "px|AVGO|stock|370.0|below": 390.44500732421875, "px|ETHUSDT|crypto|1600.0|below": 1889.42, "px|BTCUSDT|crypto|67000.0|above": 64771.12, "px|BTCUSDT|crypto|64200.0|below": 65612.42, "px|BTCUSDT|crypto|62.852|below": 64771.12, "px|GLD|stock|369.0|above": 371.44500732421875, "px|SPY|stock|760.0|above": 738.0, "px|MELI|stock|1792.0|below": 1797.8199462890625}