{"px|GLD|stock|369.0|above": 368.3999938964844, "px|MU|stock|800.0|below": 878.0399780273438, "px|AMD|stock|660.0|below": 497.8349914550781, "px|BTCUSDT|crypto|64300.0|below": 64182.41, "px|ETHUSDT|crypto|18760.0|above": 1821.03, "px|BTCUSDT|crypto|64400.0|above": 64182.41, "px|BTCUSDT|crypto|64200.0|below": 63982.77, "px|BTCUSDT|crypto|64150.0|below": 63182.01, "px|MELI|stock|1836.0|below": 1795.3900146484375, "px|PLTR|stock|142.0|above": 133.6748046875, "px|MELI|stock|1792.0|below": 1821.5699462890625, "px|ETHUSDT|crypto|1798.0|below": 1838.8, "px|BTCUSDT|crypto|62830.0|below": 63982.77, "px|AVGO|stock|370.0|below": 373.6549987792969}