{"px|MU|stock|800.0|below": 982.010009765625, "px|AMD|stock|660.0|below": 536.3800048828125, "px|BTCUSDT|crypto|64300.0|below": 64182.41, "px|ETHUSDT|crypto|18760.0|above": 1821.03, "px|BTCUSDT|crypto|64400.0|above": 64182.41, "px|BTCUSDT|crypto|64150.0|below": 63182.01, "px|MELI|stock|1836.0|below": 1795.3900146484375, "px|PLTR|stock|142.0|above": 122.1449966430664, "px|ETHUSDT|crypto|1798.0|below": 1874.64, "px|BTCUSDT|crypto|62830.0|below": 64561.99, "px|AVGO|stock|370.0|below": 389.5400085449219, "px|ETHUSDT|crypto|1600.0|below": 1875.6, "px|BTCUSDT|crypto|67000.0|above": 64762.56, "px|BTCUSDT|crypto|64200.0|below": 65612.42, "px|BTCUSDT|crypto|62.852|below": 64762.56, "px|GLD|stock|369.0|above": 371.44500732421875, "px|SPY|stock|760.0|above": 736.3300170898438, "px|GLD|stock|360.0|below": 371.1400146484375, "px|MELI|stock|1792.0|below": 1796.31005859375, "px|TSLA|stock|307.0|below": 316.17608642578125}