{"px|GLD|stock|369.0|above": 365.0899963378906, "px|MU|stock|800.0|below": 843.6849975585938, "px|AMD|stock|660.0|below": 495.5950012207031, "px|BTCUSDT|crypto|64300.0|below": 64182.41, "px|ETHUSDT|crypto|18760.0|above": 1872.52, "px|BTCUSDT|crypto|64400.0|above": 64182.41}